stimulus,side,figure,cube,x,y,mid_x,mid_y,max_dist,radius
1,left,M01,6,-18.23,106.32,-18.104499999999998,109.98479999999999,12.225161712222874,23.396099999999997
1,left,M01,2,-13.385,118.437,-18.104499999999998,109.98479999999999,12.225161712222874,23.396099999999997
1,left,M01,3,-17.87,118.896,-18.104499999999998,109.98479999999999,12.225161712222874,23.396099999999997
1,left,M01,4,-17.993,114.606,-18.104499999999998,109.98479999999999,12.225161712222874,23.396099999999997
1,left,M01,5,-18.116,110.306,-18.104499999999998,109.98479999999999,12.225161712222874,23.396099999999997
1,left,M01,1,-8.851,117.974,-18.104499999999998,109.98479999999999,12.225161712222874,23.396099999999997
1,left,M01,7,-19.25,104.949,-18.104499999999998,109.98479999999999,12.225161712222874,23.396099999999997
1,left,M01,8,-20.291,103.551,-18.104499999999998,109.98479999999999,12.225161712222874,23.396099999999997
1,left,M01,9,-21.314,102.178,-18.104499999999998,109.98479999999999,12.225161712222874,23.396099999999997
1,left,M01,10,-25.745,102.631,-18.104499999999998,109.98479999999999,12.225161712222874,23.396099999999997
1,right,M01,6,30.726,106.32,28.6877,109.98479999999999,11.96629651688442,23.396099999999997
1,right,M01,2,24.372,118.437,28.6877,109.98479999999999,11.96629651688442,23.396099999999997
1,right,M01,3,28.917,118.896,28.6877,109.98479999999999,11.96629651688442,23.396099999999997
1,right,M01,4,29.534,114.606,28.6877,109.98479999999999,11.96629651688442,23.396099999999997
1,right,M01,5,30.152,110.306,28.6877,109.98479999999999,11.96629651688442,23.396099999999997
1,right,M01,1,19.779,117.974,28.6877,109.98479999999999,11.96629651688442,23.396099999999997
1,right,M01,7,30.285,104.949,28.6877,109.98479999999999,11.96629651688442,23.396099999999997
1,right,M01,8,29.835,103.551,28.6877,109.98479999999999,11.96629651688442,23.396099999999997
1,right,M01,9,29.393,102.178,28.6877,109.98479999999999,11.96629651688442,23.396099999999997
1,right,M01,10,33.884,102.631,28.6877,109.98479999999999,11.96629651688442,23.396099999999997
2,left,M02,6,-13.765,103.242,-16.500700000000002,109.03540000000001,12.16215671869097,21.2034144349442
2,left,M02,2,-12.829,117.406,-16.500700000000002,109.03540000000001,12.16215671869097,21.2034144349442
2,left,M02,3,-16.292,116.014,-16.500700000000002,109.03540000000001,12.16215671869097,21.2034144349442
2,left,M02,4,-15.453,111.775,-16.500700000000002,109.03540000000001,12.16215671869097,21.2034144349442
2,left,M02,5,-14.616,107.545,-16.500700000000002,109.03540000000001,12.16215671869097,21.2034144349442
2,left,M02,1,-9.288,118.828,-16.500700000000002,109.03540000000001,12.16215671869097,21.2034144349442
2,left,M02,7,-16.491,103.686,-16.500700000000002,109.03540000000001,12.16215671869097,21.2034144349442
2,left,M02,8,-19.111,104.112,-16.500700000000002,109.03540000000001,12.16215671869097,21.2034144349442
2,left,M02,9,-21.868,104.561,-16.500700000000002,109.03540000000001,12.16215671869097,21.2034144349442
2,left,M02,10,-25.294,103.185,-16.500700000000002,109.03540000000001,12.16215671869097,21.2034144349442
2,right,M01,6,25.77,106.32,25.895500000000006,109.98479999999999,12.225161712222874,21.2034144349442
2,right,M01,2,30.615,118.437,25.895500000000006,109.98479999999999,12.225161712222874,21.2034144349442
2,right,M01,3,26.13,118.896,25.895500000000006,109.98479999999999,12.225161712222874,21.2034144349442
2,right,M01,4,26.007,114.606,25.895500000000006,109.98479999999999,12.225161712222874,21.2034144349442
2,right,M01,5,25.884,110.306,25.895500000000006,109.98479999999999,12.225161712222874,21.2034144349442
2,right,M01,1,35.149,117.974,25.895500000000006,109.98479999999999,12.225161712222874,21.2034144349442
2,right,M01,7,24.75,104.949,25.895500000000006,109.98479999999999,12.225161712222874,21.2034144349442
2,right,M01,8,23.709,103.551,25.895500000000006,109.98479999999999,12.225161712222874,21.2034144349442
2,right,M01,9,22.686,102.178,25.895500000000006,109.98479999999999,12.225161712222874,21.2034144349442
2,right,M01,10,18.255,102.631,25.895500000000006,109.98479999999999,12.225161712222874,21.2034144349442
3,left,M02,6,-10.787,105.018,-15.7096,109.4728,7.694696199331075,22.23335740239202
3,left,M02,2,-15.288,114.433,-15.7096,109.4728,7.694696199331075,22.23335740239202
3,left,M02,3,-13.339,116.684,-15.7096,109.4728,7.694696199331075,22.23335740239202
3,left,M02,4,-12.492,112.812,-15.7096,109.4728,7.694696199331075,22.23335740239202
3,left,M02,5,-11.647,108.948,-15.7096,109.4728,7.694696199331075,22.23335740239202
3,left,M02,1,-17.281,112.132,-15.7096,109.4728,7.694696199331075,22.23335740239202
3,left,M02,7,-14.722,105.288,-15.7096,109.4728,7.694696199331075,22.23335740239202
3,left,M02,8,-18.503,105.547,-15.7096,109.4728,7.694696199331075,22.23335740239202
3,left,M02,9,-22.482,105.82,-15.7096,109.4728,7.694696199331075,22.23335740239202
3,left,M02,10,-20.555,108.046,-15.7096,109.4728,7.694696199331075,22.23335740239202
3,right,M01,6,30.259,102.252,28.751600000000003,108.7725,7.781584942028202,22.23335740239202
3,right,M01,2,31.664,113.46,28.751600000000003,108.7725,7.781584942028202,22.23335740239202
3,right,M01,3,34.743,113.738,28.751600000000003,108.7725,7.781584942028202,22.23335740239202
3,right,M01,4,33.213,109.82,28.751600000000003,108.7725,7.781584942028202,22.23335740239202
3,right,M01,5,31.68,105.893,28.751600000000003,108.7725,7.781584942028202,22.23335740239202
3,right,M01,1,28.551,113.178,28.751600000000003,108.7725,7.781584942028202,22.23335740239202
3,right,M01,7,27.316,104.47,28.751600000000003,108.7725,7.781584942028202,22.23335740239202
3,right,M01,8,24.315,106.731,28.751600000000003,108.7725,7.781584942028202,22.23335740239202
3,right,M01,9,21.366,108.954,28.751600000000003,108.7725,7.781584942028202,22.23335740239202
3,right,M01,10,24.409,109.229,28.751600000000003,108.7725,7.781584942028202,22.23335740239202
4,left,M02,6,-17.399,105.018,-16.9263,109.4728,11.668263398209692,22.60835
4,left,M02,2,-8.648,114.433,-16.9263,109.4728,11.668263398209692,22.60835
4,left,M02,3,-11.634,116.684,-16.9263,109.4728,11.668263398209692,22.60835
4,left,M02,4,-13.548,112.812,-16.9263,109.4728,11.668263398209692,22.60835
4,left,M02,5,-15.457,108.948,-16.9263,109.4728,11.668263398209692,22.60835
4,left,M02,1,-5.594,112.132,-16.9263,109.4728,11.668263398209692,22.60835
4,left,M02,7,-20.143,105.288,-16.9263,109.4728,11.668263398209692,22.60835
4,left,M02,8,-22.779,105.547,-16.9263,109.4728,11.668263398209692,22.60835
4,left,M02,9,-25.554,105.82,-16.9263,109.4728,11.668263398209692,22.60835
4,left,M02,10,-28.507,108.046,-16.9263,109.4728,11.668263398209692,22.60835
4,right,M02,6,33.213,105.018,28.290399999999998,109.4728,7.694696199331074,22.60835
4,right,M02,2,28.712,114.433,28.290399999999998,109.4728,7.694696199331074,22.60835
4,right,M02,3,30.661,116.684,28.290399999999998,109.4728,7.694696199331074,22.60835
4,right,M02,4,31.508,112.812,28.290399999999998,109.4728,7.694696199331074,22.60835
4,right,M02,5,32.353,108.948,28.290399999999998,109.4728,7.694696199331074,22.60835
4,right,M02,1,26.719,112.132,28.290399999999998,109.4728,7.694696199331074,22.60835
4,right,M02,7,29.278,105.288,28.290399999999998,109.4728,7.694696199331074,22.60835
4,right,M02,8,25.497,105.547,28.290399999999998,109.4728,7.694696199331074,22.60835
4,right,M02,9,21.518,105.82,28.290399999999998,109.4728,7.694696199331074,22.60835
4,right,M02,10,23.445,108.046,28.290399999999998,109.4728,7.694696199331074,22.60835
5,left,M01,6,-15.013,102.653,-15.7805,108.94290000000001,11.419742267669617,20.439500000000002
5,left,M01,2,-21.123,114.903,-15.7805,108.94290000000001,11.419742267669617,20.439500000000002
5,left,M01,3,-16.637,115.13,-15.7805,108.94290000000001,11.419742267669617,20.439500000000002
5,left,M01,4,-16.083,110.874,-15.7805,108.94290000000001,11.419742267669617,20.439500000000002
5,left,M01,5,-15.528,106.608,-15.7805,108.94290000000001,11.419742267669617,20.439500000000002
5,left,M01,1,-25.658,114.674,-15.7805,108.94290000000001,11.419742267669617,20.439500000000002
5,left,M01,7,-14.146,104.17,-15.7805,108.94290000000001,11.419742267669617,20.439500000000002
5,left,M01,8,-13.262,105.717,-15.7805,108.94290000000001,11.419742267669617,20.439500000000002
5,left,M01,9,-12.394,107.238,-15.7805,108.94290000000001,11.419742267669617,20.439500000000002
5,left,M01,10,-7.961,107.462,-15.7805,108.94290000000001,11.419742267669617,20.439500000000002
5,right,M01,6,22.812,102.653,25.0985,108.94290000000001,8.07919715442072,20.439500000000002
5,right,M01,2,23.045,114.903,25.0985,108.94290000000001,8.07919715442072,20.439500000000002
5,right,M01,3,19.903,115.13,25.0985,108.94290000000001,8.07919715442072,20.439500000000002
5,right,M01,4,20.895,110.874,25.0985,108.94290000000001,8.07919715442072,20.439500000000002
5,right,M01,5,21.89,106.608,25.0985,108.94290000000001,8.07919715442072,20.439500000000002
5,right,M01,1,26.221,114.674,25.0985,108.94290000000001,8.07919715442072,20.439500000000002
5,right,M01,7,25.91,104.17,25.0985,108.94290000000001,8.07919715442072,20.439500000000002
5,right,M01,8,29.068,105.717,25.0985,108.94290000000001,8.07919715442072,20.439500000000002
5,right,M01,9,32.173,107.238,25.0985,108.94290000000001,8.07919715442072,20.439500000000002
5,right,M01,10,29.068,107.462,25.0985,108.94290000000001,8.07919715442072,20.439500000000002
6,left,M01,6,-20.129,102.653,-18.656100000000002,108.94290000000001,9.659072792975525,23.437800000000003
6,left,M01,2,-15.502,114.903,-18.656100000000002,108.94290000000001,9.659072792975525,23.437800000000003
6,left,M01,3,-20.072,115.13,-18.656100000000002,108.94290000000001,9.659072792975525,23.437800000000003
6,left,M01,4,-20.092,110.874,-18.656100000000002,108.94290000000001,9.659072792975525,23.437800000000003
6,left,M01,5,-20.111,106.608,-18.656100000000002,108.94290000000001,9.659072792975525,23.437800000000003
6,left,M01,1,-10.881,114.674,-18.656100000000002,108.94290000000001,9.659072792975525,23.437800000000003
6,left,M01,7,-19.549,104.17,-18.656100000000002,108.94290000000001,9.659072792975525,23.437800000000003
6,left,M01,8,-18.957,105.717,-18.656100000000002,108.94290000000001,9.659072792975525,23.437800000000003
6,left,M01,9,-18.376,107.238,-18.656100000000002,108.94290000000001,9.659072792975525,23.437800000000003
6,left,M01,10,-22.892,107.462,-18.656100000000002,108.94290000000001,9.659072792975525,23.437800000000003
6,right,M01,6,28.987,102.653,28.2195,108.94290000000001,11.419742267669617,23.437800000000003
6,right,M01,2,22.877,114.903,28.2195,108.94290000000001,11.419742267669617,23.437800000000003
6,right,M01,3,27.363,115.13,28.2195,108.94290000000001,11.419742267669617,23.437800000000003
6,right,M01,4,27.917,110.874,28.2195,108.94290000000001,11.419742267669617,23.437800000000003
6,right,M01,5,28.472,106.608,28.2195,108.94290000000001,11.419742267669617,23.437800000000003
6,right,M01,1,18.342,114.674,28.2195,108.94290000000001,11.419742267669617,23.437800000000003
6,right,M01,7,29.854,104.17,28.2195,108.94290000000001,11.419742267669617,23.437800000000003
6,right,M01,8,30.738,105.717,28.2195,108.94290000000001,11.419742267669617,23.437800000000003
6,right,M01,9,31.606,107.238,28.2195,108.94290000000001,11.419742267669617,23.437800000000003
6,right,M01,10,36.039,107.462,28.2195,108.94290000000001,11.419742267669617,23.437800000000003
7,left,M02,6,-17.94,102.459,-17.2533,108.90060000000001,12.123360625255682,21.162709429619355
7,left,M02,2,-24.389,115.148,-17.2533,108.90060000000001,12.123360625255682,21.162709429619355
7,left,M02,3,-21.206,115.148,-17.2533,108.90060000000001,12.123360625255682,21.162709429619355
7,left,M02,4,-20.122,110.936,-17.2533,108.90060000000001,12.123360625255682,21.162709429619355
7,left,M02,5,-19.04,106.734,-17.2533,108.90060000000001,12.123360625255682,21.162709429619355
7,left,M02,1,-27.643,115.148,-17.2533,108.90060000000001,12.123360625255682,21.162709429619355
7,left,M02,7,-14.973,103.986,-17.2533,108.90060000000001,12.123360625255682,21.162709429619355
7,left,M02,8,-12.122,105.453,-17.2533,108.90060000000001,12.123360625255682,21.162709429619355
7,left,M02,9,-9.123,106.997,-17.2533,108.90060000000001,12.123360625255682,21.162709429619355
7,left,M02,10,-5.975,106.997,-17.2533,108.90060000000001,12.123360625255682,21.162709429619355
7,right,M01,6,21.427,105.235,25.0607,109.8837,10.296011993971256,21.162709429619355
7,right,M01,2,30.004,116.153,25.0607,109.8837,10.296011993971256,21.162709429619355
7,right,M01,3,25.82,117.729,25.0607,109.8837,10.296011993971256,21.162709429619355
7,right,M01,4,24.321,113.467,25.0607,109.8837,10.296011993971256,21.162709429619355
7,right,M01,5,22.82,109.196,25.0607,109.8837,10.296011993971256,21.162709429619355
7,right,M01,1,34.234,114.559,25.0607,109.8837,10.296011993971256,21.162709429619355
7,right,M01,7,22.576,105.235,25.0607,109.8837,10.296011993971256,21.162709429619355
7,right,M01,8,23.746,105.235,25.0607,109.8837,10.296011993971256,21.162709429619355
7,right,M01,9,24.897,105.235,25.0607,109.8837,10.296011993971256,21.162709429619355
7,right,M01,10,20.762,106.793,25.0607,109.8837,10.296011993971256,21.162709429619355
8,left,M02,6,-14.392,102.459,-16.2241,108.90060000000001,7.6883199705787355,21.4854
8,left,M02,2,-15.431,115.148,-16.2241,108.90060000000001,7.6883199705787355,21.4854
8,left,M02,3,-11.743,115.148,-16.2241,108.90060000000001,7.6883199705787355,21.4854
8,left,M02,4,-12.622,110.936,-16.2241,108.90060000000001,7.6883199705787355,21.4854
8,left,M02,5,-13.5,106.734,-16.2241,108.90060000000001,7.6883199705787355,21.4854
8,left,M02,1,-19.201,115.148,-16.2241,108.90060000000001,7.6883199705787355,21.4854
8,left,M02,7,-16.799,103.986,-16.2241,108.90060000000001,7.6883199705787355,21.4854
8,left,M02,8,-19.111,105.453,-16.2241,108.90060000000001,7.6883199705787355,21.4854
8,left,M02,9,-21.544,106.997,-16.2241,108.90060000000001,7.6883199705787355,21.4854
8,left,M02,10,-17.898,106.997,-16.2241,108.90060000000001,7.6883199705787355,21.4854
8,right,M02,6,26.06,102.459,26.746699999999997,108.90060000000001,12.123360625255678,21.4854
8,right,M02,2,19.611,115.148,26.746699999999997,108.90060000000001,12.123360625255678,21.4854
8,right,M02,3,22.794,115.148,26.746699999999997,108.90060000000001,12.123360625255678,21.4854
8,right,M02,4,23.878,110.936,26.746699999999997,108.90060000000001,12.123360625255678,21.4854
8,right,M02,5,24.96,106.734,26.746699999999997,108.90060000000001,12.123360625255678,21.4854
8,right,M02,1,16.357,115.148,26.746699999999997,108.90060000000001,12.123360625255678,21.4854
8,right,M02,7,29.027,103.986,26.746699999999997,108.90060000000001,12.123360625255678,21.4854
8,right,M02,8,31.878,105.453,26.746699999999997,108.90060000000001,12.123360625255678,21.4854
8,right,M02,9,34.877,106.997,26.746699999999997,108.90060000000001,12.123360625255678,21.4854
8,right,M02,10,38.025,106.997,26.746699999999997,108.90060000000001,12.123360625255678,21.4854
9,left,M03,6,-23.095,104.092,-19.6239,109.1534,13.500574179271043,23.525044610903503
9,left,M03,2,-24.092,118.101,-19.6239,109.1534,13.500574179271043,23.525044610903503
9,left,M03,3,-25.086,115.884,-19.6239,109.1534,13.500574179271043,23.525044610903503
9,left,M03,4,-24.423,111.955,-19.6239,109.1534,13.500574179271043,23.525044610903503
9,left,M03,5,-23.767,108.074,-19.6239,109.1534,13.500574179271043,23.525044610903503
9,left,M03,1,-23.059,120.406,-19.6239,109.1534,13.500574179271043,23.525044610903503
9,left,M03,7,-18.79,104.159,-19.6239,109.1534,13.500574179271043,23.525044610903503
9,left,M03,8,-14.465,104.227,-19.6239,109.1534,13.500574179271043,23.525044610903503
9,left,M03,9,-10.065,104.296,-19.6239,109.1534,13.500574179271043,23.525044610903503
9,left,M03,10,-9.397,100.34,-19.6239,109.1534,13.500574179271043,23.525044610903503
9,right,M04,6,27.8,102.101,27.4214,108.48209999999999,12.72921164762374,23.525044610903503
9,right,M04,2,35.801,113.971,27.4214,108.48209999999999,12.72921164762374,23.525044610903503
9,right,M04,3,33.875,113.904,27.4214,108.48209999999999,12.72921164762374,23.525044610903503
9,right,M04,4,31.785,109.843,27.4214,108.48209999999999,12.72921164762374,23.525044610903503
9,right,M04,5,29.875,106.132,27.4214,108.48209999999999,12.72921164762374,23.525044610903503
9,right,M04,1,37.735,114.039,27.4214,108.48209999999999,12.72921164762374,23.525044610903503
9,right,M04,7,24.241,104.369,27.4214,108.48209999999999,12.72921164762374,23.525044610903503
9,right,M04,8,20.753,106.591,27.4214,108.48209999999999,12.72921164762374,23.525044610903503
9,right,M04,9,17.171,108.872,27.4214,108.48209999999999,12.72921164762374,23.525044610903503
9,right,M04,10,15.178,104.999,27.4214,108.48209999999999,12.72921164762374,23.525044610903503
10,left,M01,6,-12.233,105.484,-14.984399999999999,109.36390000000002,11.604059753810287,19.98282126133595
10,left,M01,2,-14.713,118.94,-14.984399999999999,109.36390000000002,11.604059753810287,19.98282126133595
10,left,M01,3,-11.098,117.432,-14.984399999999999,109.36390000000002,11.604059753810287,19.98282126133595
10,left,M01,4,-11.485,113.356,-14.984399999999999,109.36390000000002,11.604059753810287,19.98282126133595
10,left,M01,5,-11.873,109.271,-14.984399999999999,109.36390000000002,11.604059753810287,19.98282126133595
10,left,M01,1,-18.367,120.464,-14.984399999999999,109.36390000000002,11.604059753810287,19.98282126133595
10,left,M01,7,-14.96,104.187,-14.984399999999999,109.36390000000002,11.604059753810287,19.98282126133595
10,left,M01,8,-17.741,102.865,-14.984399999999999,109.36390000000002,11.604059753810287,19.98282126133595
10,left,M01,9,-20.473,101.565,-14.984399999999999,109.36390000000002,11.604059753810287,19.98282126133595
10,left,M01,10,-16.901,100.075,-14.984399999999999,109.36390000000002,11.604059753810287,19.98282126133595
10,right,M04,6,27.246,105.675,24.9812,109.4222,12.186844960037849,19.98282126133595
10,right,M04,2,25.381,119.387,24.9812,109.4222,12.186844960037849,19.98282126133595
10,right,M04,3,21.584,117.924,24.9812,109.4222,12.186844960037849,19.98282126133595
10,right,M04,4,23.532,113.71,24.9812,109.4222,12.186844960037849,19.98282126133595
10,right,M04,5,25.312,109.858,24.9812,109.4222,12.186844960037849,19.98282126133595
10,right,M04,1,29.196,120.857,24.9812,109.4222,12.186844960037849,19.98282126133595
10,right,M04,7,25.762,104.349,24.9812,109.4222,12.186844960037849,19.98282126133595
10,right,M04,8,24.309,103.05,24.9812,109.4222,12.186844960037849,19.98282126133595
10,right,M04,9,22.816,101.716,24.9812,109.4222,12.186844960037849,19.98282126133595
10,right,M04,10,24.674,97.696,24.9812,109.4222,12.186844960037849,19.98282126133595
11,left,M04,6,-16.754,105.675,-19.0188,109.4222,12.186844960037849,25.14785
11,left,M04,2,-18.619,119.387,-19.0188,109.4222,12.186844960037849,25.14785
11,left,M04,3,-22.416,117.924,-19.0188,109.4222,12.186844960037849,25.14785
11,left,M04,4,-20.468,113.71,-19.0188,109.4222,12.186844960037849,25.14785
11,left,M04,5,-18.688,109.858,-19.0188,109.4222,12.186844960037849,25.14785
11,left,M04,1,-14.804,120.857,-19.0188,109.4222,12.186844960037849,25.14785
11,left,M04,7,-18.238,104.349,-19.0188,109.4222,12.186844960037849,25.14785
11,left,M04,8,-19.691,103.05,-19.0188,109.4222,12.186844960037849,25.14785
11,left,M04,9,-21.184,101.716,-19.0188,109.4222,12.186844960037849,25.14785
11,left,M04,10,-19.326,97.696,-19.0188,109.4222,12.186844960037849,25.14785
11,right,M04,6,34.399,105.675,31.276899999999994,109.4222,12.987829135386717,25.14785
11,right,M04,2,32.056,119.387,31.276899999999994,109.4222,12.987829135386717,25.14785
11,right,M04,3,35.563,117.924,31.276899999999994,109.4222,12.987829135386717,25.14785
11,right,M04,4,35.163,113.71,31.276899999999994,109.4222,12.987829135386717,25.14785
11,right,M04,5,34.797,109.858,31.276899999999994,109.4222,12.987829135386717,25.14785
11,right,M04,1,28.532,120.857,31.276899999999994,109.4222,12.987829135386717,25.14785
11,right,M04,7,31.611,104.349,31.276899999999994,109.4222,12.987829135386717,25.14785
11,right,M04,8,28.88,103.05,31.276899999999994,109.4222,12.987829135386717,25.14785
11,right,M04,9,26.075,101.716,31.276899999999994,109.4222,12.987829135386717,25.14785
11,right,M04,10,25.693,97.696,31.276899999999994,109.4222,12.987829135386717,25.14785
12,left,M03,6,-23.836,104.969,-20.256999999999998,110.2961,12.373419721726078,24.898999999999997
12,left,M03,2,-22.986,119.008,-20.256999999999998,110.2961,12.373419721726078,24.898999999999997
12,left,M03,3,-25.318,118.468,-20.256999999999998,110.2961,12.373419721726078,24.898999999999997
12,left,M03,4,-24.824,113.97,-20.256999999999998,110.2961,12.373419721726078,24.898999999999997
12,left,M03,5,-24.336,109.527,-20.256999999999998,110.2961,12.373419721726078,24.898999999999997
12,left,M03,1,-20.562,119.57,-20.256999999999998,110.2961,12.373419721726078,24.898999999999997
12,left,M03,7,-20.067,105.201,-20.256999999999998,110.2961,12.373419721726078,24.898999999999997
12,left,M03,8,-16.281,105.434,-20.256999999999998,110.2961,12.373419721726078,24.898999999999997
12,left,M03,9,-12.429,105.671,-20.256999999999998,110.2961,12.373419721726078,24.898999999999997
12,left,M03,10,-11.931,101.143,-20.256999999999998,110.2961,12.373419721726078,24.898999999999997
12,right,M03,6,33.385,104.969,29.540999999999997,110.2961,13.334580931172896,24.898999999999997
12,right,M03,2,33.511,119.008,29.540999999999997,110.2961,13.334580931172896,24.898999999999997
12,right,M03,3,34.427,118.468,29.540999999999997,110.2961,13.334580931172896,24.898999999999997
12,right,M03,4,34.079,113.97,29.540999999999997,110.2961,13.334580931172896,24.898999999999997
12,right,M03,5,33.737,109.527,29.540999999999997,110.2961,13.334580931172896,24.898999999999997
12,right,M03,1,32.56,119.57,29.540999999999997,110.2961,13.334580931172896,24.898999999999997
12,right,M03,7,29.026,105.201,29.540999999999997,110.2961,13.334580931172896,24.898999999999997
12,right,M03,8,24.648,105.434,29.540999999999997,110.2961,13.334580931172896,24.898999999999997
12,right,M03,9,20.193,105.671,29.540999999999997,110.2961,13.334580931172896,24.898999999999997
12,right,M03,10,19.844,101.143,29.540999999999997,110.2961,13.334580931172896,24.898999999999997
13,left,M04,6,-10.111,103.403,-13.525799999999998,108.9988,12.972811040017506,19.76946398426118
13,left,M04,2,-9.36,117.417,-13.525799999999998,108.9988,12.972811040017506,19.76946398426118
13,left,M04,3,-7.916,116.8,-13.525799999999998,108.9988,12.972811040017506,19.76946398426118
13,left,M04,4,-8.671,112.19,-13.525799999999998,108.9988,12.972811040017506,19.76946398426118
13,left,M04,5,-9.361,107.978,-13.525799999999998,108.9988,12.972811040017506,19.76946398426118
13,left,M04,1,-10.81,118.038,-13.525799999999998,108.9988,12.972811040017506,19.76946398426118
13,left,M04,7,-14.341,103.955,-13.525799999999998,108.9988,12.972811040017506,19.76946398426118
13,left,M04,8,-18.486,104.497,-13.525799999999998,108.9988,12.972811040017506,19.76946398426118
13,left,M04,9,-22.741,105.053,-13.525799999999998,108.9988,12.972811040017506,19.76946398426118
13,left,M04,10,-23.461,100.657,-13.525799999999998,108.9988,12.972811040017506,19.76946398426118
13,right,M03,6,27.616,104.49,25.9971,110.12449999999998,12.242132014481797,19.769463984261183
13,right,M03,2,30.947,118.416,25.9971,110.12449999999998,12.242132014481797,19.769463984261183
13,right,M03,3,27.575,117.876,25.9971,110.12449999999998,12.242132014481797,19.769463984261183
13,right,M03,4,27.589,113.416,25.9971,110.12449999999998,12.242132014481797,19.769463984261183
13,right,M03,5,27.602,109.01,25.9971,110.12449999999998,12.242132014481797,19.769463984261183
13,right,M03,1,34.452,118.978,25.9971,110.12449999999998,12.242132014481797,19.769463984261183
13,right,M03,7,24.714,105.107,25.9971,110.12449999999998,12.242132014481797,19.769463984261183
13,right,M03,8,21.798,105.727,25.9971,110.12449999999998,12.242132014481797,19.769463984261183
13,right,M03,9,18.832,106.358,25.9971,110.12449999999998,12.242132014481797,19.769463984261183
13,right,M03,10,18.846,101.867,25.9971,110.12449999999998,12.242132014481797,19.769463984261183
14,left,M05,5,-15.507,109.27,-16.931,109.4847,12.567049816484372,22.5683
14,left,M05,1,-12.776,121.345,-16.931,109.4847,12.567049816484372,22.5683
14,left,M05,2,-11.121,117.189,-16.931,109.4847,12.567049816484372,22.5683
14,left,M05,3,-9.475,113.055,-16.931,109.4847,12.567049816484372,22.5683
14,left,M05,4,-12.451,111.188,-16.931,109.4847,12.567049816484372,22.5683
14,left,M05,10,-21.094,98.732,-16.931,109.4847,12.567049816484372,22.5683
14,left,M05,6,-18.539,107.368,-16.931,109.4847,12.567049816484372,22.5683
14,left,M05,7,-21.324,107.095,-16.931,109.4847,12.567049816484372,22.5683
14,left,M05,8,-24.308,106.803,-16.931,109.4847,12.567049816484372,22.5683
14,left,M05,9,-22.715,102.802,-16.931,109.4847,12.567049816484372,22.5683
14,right,M05,5,31.16,109.27,28.205600000000004,109.4847,12.212648764702923,22.5683
14,right,M05,1,31.118,121.345,28.205600000000004,109.4847,12.212648764702923,22.5683
14,right,M05,2,31.705,117.189,28.205600000000004,109.4847,12.212648764702923,22.5683
14,right,M05,3,32.29,113.055,28.205600000000004,109.4847,12.212648764702923,22.5683
14,right,M05,4,31.732,111.188,28.205600000000004,109.4847,12.212648764702923,22.5683
14,right,M05,10,22.942,98.732,28.205600000000004,109.4847,12.212648764702923,22.5683
14,right,M05,6,30.592,107.368,28.205600000000004,109.4847,12.212648764702923,22.5683
14,right,M05,7,26.348,107.095,28.205600000000004,109.4847,12.212648764702923,22.5683
14,right,M05,8,21.802,106.803,28.205600000000004,109.4847,12.212648764702923,22.5683
14,right,M05,9,22.367,102.802,28.205600000000004,109.4847,12.212648764702923,22.5683
15,left,M06,6,-11.513,109.132,-16.0121,109.93379999999999,12.454562692041824,20.753999999999998
15,left,M06,2,-23.345,116.375,-16.0121,109.93379999999999,12.454562692041824,20.753999999999998
15,left,M06,3,-24.373,111.924,-16.0121,109.93379999999999,12.454562692041824,20.753999999999998
15,left,M06,4,-20.071,110.99,-16.0121,109.93379999999999,12.454562692041824,20.753999999999998
15,left,M06,5,-15.86,110.076,-16.0121,109.93379999999999,12.454562692041824,20.753999999999998
15,left,M06,1,-22.357,120.651,-16.0121,109.93379999999999,12.454562692041824,20.753999999999998
15,left,M06,7,-10.58,108.66,-16.0121,109.93379999999999,12.454562692041824,20.753999999999998
15,left,M06,8,-9.668,108.199,-16.0121,109.93379999999999,12.454562692041824,20.753999999999998
15,left,M06,9,-10.668,103.871,-16.0121,109.93379999999999,12.454562692041824,20.753999999999998
15,left,M06,10,-11.686,99.46,-16.0121,109.93379999999999,12.454562692041824,20.753999999999998
15,right,M06,6,19.812,109.132,25.4959,109.93379999999999,12.14722369309136,20.753999999999998
15,right,M06,2,32.056,116.375,25.4959,109.93379999999999,12.14722369309136,20.753999999999998
15,right,M06,3,32.933,111.924,25.4959,109.93379999999999,12.14722369309136,20.753999999999998
15,right,M06,4,28.544,110.99,25.4959,109.93379999999999,12.14722369309136,20.753999999999998
15,right,M06,5,24.247,110.076,25.4959,109.93379999999999,12.14722369309136,20.753999999999998
15,right,M06,1,31.214,120.651,25.4959,109.93379999999999,12.14722369309136,20.753999999999998
15,right,M06,7,20.437,108.66,25.4959,109.93379999999999,12.14722369309136,20.753999999999998
15,right,M06,8,21.047,108.199,25.4959,109.93379999999999,12.14722369309136,20.753999999999998
15,right,M06,9,21.9,103.871,25.4959,109.93379999999999,12.14722369309136,20.753999999999998
15,right,M06,10,22.769,99.46,25.4959,109.93379999999999,12.14722369309136,20.753999999999998
16,left,M05,5,-13.705,109.267,-16.2027,109.83879999999999,11.429272913444667,22.6770750655811
16,left,M05,1,-8.22,116.51,-16.2027,109.83879999999999,11.429272913444667,22.6770750655811
16,left,M05,2,-9.457,112.099,-16.2027,109.83879999999999,11.429272913444667,22.6770750655811
16,left,M05,3,-10.688,107.711,-16.2027,109.83879999999999,11.429272913444667,22.6770750655811
16,left,M05,4,-12.177,108.479,-16.2027,109.83879999999999,11.429272913444667,22.6770750655811
16,left,M05,10,-25.687,103.461,-16.2027,109.83879999999999,11.429272913444667,22.6770750655811
16,left,M05,6,-15.221,110.048,-16.2027,109.83879999999999,11.429272913444667,22.6770750655811
16,left,M05,7,-19.114,111.004,-16.2027,109.83879999999999,11.429272913444667,22.6770750655811
16,left,M05,8,-23.283,112.028,-16.2027,109.83879999999999,11.429272913444667,22.6770750655811
16,left,M05,9,-24.475,107.781,-16.2027,109.83879999999999,11.429272913444667,22.6770750655811
16,right,M09,6,34.894,109.325,29.133900000000004,108.57719999999999,13.60786303024837,22.6770750655811
16,right,M09,2,23.023,116.731,29.133900000000004,108.57719999999999,13.60786303024837,22.6770750655811
16,right,M09,3,22.318,112.324,29.133900000000004,108.57719999999999,13.60786303024837,22.6770750655811
16,right,M09,4,26.509,111.325,29.133900000000004,108.57719999999999,13.60786303024837,22.6770750655811
16,right,M09,5,30.704,110.325,29.133900000000004,108.57719999999999,13.60786303024837,22.6770750655811
16,right,M09,1,23.716,121.06,29.133900000000004,108.57719999999999,13.60786303024837,22.6770750655811
16,right,M09,7,34.205,105.017,29.133900000000004,108.57719999999999,13.60786303024837,22.6770750655811
16,right,M09,8,33.51,100.672,29.133900000000004,108.57719999999999,13.60786303024837,22.6770750655811
16,right,M09,9,31.999,99.893,29.133900000000004,108.57719999999999,13.60786303024837,22.6770750655811
16,right,M09,10,30.461,99.1,29.133900000000004,108.57719999999999,13.60786303024837,22.6770750655811
17,left,M09,6,-9.106,109.325,-14.866099999999998,108.57719999999999,13.60786303024837,19.1067
17,left,M09,2,-20.977,116.731,-14.866099999999998,108.57719999999999,13.60786303024837,19.1067
17,left,M09,3,-21.682,112.324,-14.866099999999998,108.57719999999999,13.60786303024837,19.1067
17,left,M09,4,-17.491,111.325,-14.866099999999998,108.57719999999999,13.60786303024837,19.1067
17,left,M09,5,-13.296,110.325,-14.866099999999998,108.57719999999999,13.60786303024837,19.1067
17,left,M09,1,-20.284,121.06,-14.866099999999998,108.57719999999999,13.60786303024837,19.1067
17,left,M09,7,-9.795,105.017,-14.866099999999998,108.57719999999999,13.60786303024837,19.1067
17,left,M09,8,-10.49,100.672,-14.866099999999998,108.57719999999999,13.60786303024837,19.1067
17,left,M09,9,-12.001,99.893,-14.866099999999998,108.57719999999999,13.60786303024837,19.1067
17,left,M09,10,-13.539,99.1,-14.866099999999998,108.57719999999999,13.60786303024837,19.1067
17,right,M09,6,21.138,109.325,23.3473,108.57719999999999,12.606641389759616,19.1067
17,right,M09,2,24.535,116.731,23.3473,108.57719999999999,12.606641389759616,19.1067
17,right,M09,3,23.949,112.324,23.3473,108.57719999999999,12.606641389759616,19.1067
17,right,M09,4,23.012,111.325,23.3473,108.57719999999999,12.606641389759616,19.1067
17,right,M09,5,22.074,110.325,23.3473,108.57719999999999,12.606641389759616,19.1067
17,right,M09,1,25.11,121.06,23.3473,108.57719999999999,12.606641389759616,19.1067
17,right,M09,7,20.565,105.017,23.3473,108.57719999999999,12.606641389759616,19.1067
17,right,M09,8,19.987,100.672,23.3473,108.57719999999999,12.606641389759616,19.1067
17,right,M09,9,24.338,99.893,23.3473,108.57719999999999,12.606641389759616,19.1067
17,right,M09,10,28.765,99.1,23.3473,108.57719999999999,12.606641389759616,19.1067
18,left,M02,6,-11.564,104.143,-15.9512,109.24100000000001,11.99545531607701,20.505959001470767
18,left,M02,2,-12.508,118.315,-15.9512,109.24100000000001,11.99545531607701,20.505959001470767
18,left,M02,3,-13.773,117.074,-15.9512,109.24100000000001,11.99545531607701,20.505959001470767
18,left,M02,4,-13.04,112.782,-15.9512,109.24100000000001,11.99545531607701,20.505959001470767
18,left,M02,5,-12.308,108.499,-15.9512,109.24100000000001,11.99545531607701,20.505959001470767
18,left,M02,1,-11.215,119.584,-15.9512,109.24100000000001,11.99545531607701,20.505959001470767
18,left,M02,7,-15.786,103.769,-15.9512,109.24100000000001,11.99545531607701,20.505959001470767
18,left,M02,8,-19.843,103.409,-15.9512,109.24100000000001,11.99545531607701,20.505959001470767
18,left,M02,9,-24.112,103.031,-15.9512,109.24100000000001,11.99545531607701,20.505959001470767
18,left,M02,10,-25.363,101.804,-15.9512,109.24100000000001,11.99545531607701,20.505959001470767
18,right,M01,6,22.542,105.626,25.0586,109.65780000000002,11.452832138820497,20.505959001470767
18,right,M01,2,27.172,118.744,25.0586,109.65780000000002,11.452832138820497,20.505959001470767
18,right,M01,3,22.901,118.358,25.0586,109.65780000000002,11.452832138820497,20.505959001470767
18,right,M01,4,22.779,114.014,25.0586,109.65780000000002,11.452832138820497,20.505959001470767
18,right,M01,5,22.656,109.662,25.0586,109.65780000000002,11.452832138820497,20.505959001470767
18,right,M01,1,31.489,119.135,25.0586,109.65780000000002,11.452832138820497,20.505959001470767
18,right,M01,7,24.208,104.403,25.0586,109.65780000000002,11.452832138820497,20.505959001470767
18,right,M01,8,25.907,103.156,25.0586,109.65780000000002,11.452832138820497,20.505959001470767
18,right,M01,9,27.576,101.931,25.0586,109.65780000000002,11.452832138820497,20.505959001470767
18,right,M01,10,23.356,101.549,25.0586,109.65780000000002,11.452832138820497,20.505959001470767
19,left,M05,5,-20.489,109.618,-17.866500000000002,109.78869999999999,11.755938598852913,22.716786666527028
19,left,M05,1,-23.418,119.532,-17.866500000000002,109.78869999999999,11.755938598852913,22.716786666527028
19,left,M05,2,-23.48,114.953,-17.866500000000002,109.78869999999999,11.755938598852913,22.716786666527028
19,left,M05,3,-23.541,110.399,-17.866500000000002,109.78869999999999,11.755938598852913,22.716786666527028
19,left,M05,4,-22.035,110.014,-17.866500000000002,109.78869999999999,11.755938598852913,22.716786666527028
19,left,M05,10,-10.675,100.489,-17.866500000000002,109.78869999999999,11.755938598852913,22.716786666527028
19,left,M05,6,-18.956,109.226,-17.866500000000002,109.78869999999999,11.755938598852913,22.716786666527028
19,left,M05,7,-14.9,109.301,-17.866500000000002,109.78869999999999,11.755938598852913,22.716786666527028
19,left,M05,8,-10.556,109.381,-17.866500000000002,109.78869999999999,11.755938598852913,22.716786666527028
19,left,M05,9,-10.615,104.974,-17.866500000000002,109.78869999999999,11.755938598852913,22.716786666527028
19,right,M06,6,27.555,109.536,27.566900000000004,109.91420000000001,11.922384771932176,22.716786666527028
19,right,M06,2,34.63,114.328,27.566900000000004,109.91420000000001,11.922384771932176,22.716786666527028
19,right,M06,3,34.324,109.771,27.566900000000004,109.91420000000001,11.922384771932176,22.716786666527028
19,right,M06,4,32.06,109.693,27.566900000000004,109.91420000000001,11.922384771932176,22.716786666527028
19,right,M06,5,29.843,109.616,27.566900000000004,109.91420000000001,11.922384771932176,22.716786666527028
19,right,M06,1,34.923,118.707,27.566900000000004,109.91420000000001,11.922384771932176,22.716786666527028
19,right,M06,7,23.66,109.93,27.566900000000004,109.91420000000001,11.922384771932176,22.716786666527028
19,right,M06,8,19.857,110.314,27.566900000000004,109.91420000000001,11.922384771932176,22.716786666527028
19,right,M06,9,19.56,105.882,27.566900000000004,109.91420000000001,11.922384771932176,22.716786666527028
19,right,M06,10,19.257,101.365,27.566900000000004,109.91420000000001,11.922384771932176,22.716786666527028
20,left,M06,6,-22.16,109.352,-18.5415,109.95079999999999,11.09336436298744,22.5655
20,left,M06,2,-20.716,115.753,-18.5415,109.95079999999999,11.09336436298744,22.5655
20,left,M06,3,-20.897,111.229,-18.5415,109.95079999999999,11.09336436298744,22.5655
20,left,M06,4,-21.319,110.601,-18.5415,109.95079999999999,11.09336436298744,22.5655
20,left,M06,5,-21.733,109.986,-18.5415,109.95079999999999,11.09336436298744,22.5655
20,left,M06,1,-20.542,120.101,-18.5415,109.95079999999999,11.09336436298744,22.5655
20,left,M06,7,-17.668,109.116,-18.5415,109.95079999999999,11.09336436298744,22.5655
20,left,M06,8,-13.283,108.885,-18.5415,109.95079999999999,11.09336436298744,22.5655
20,left,M06,9,-13.459,104.485,-18.5415,109.95079999999999,11.09336436298744,22.5655
20,left,M06,10,-13.638,100.0,-18.5415,109.95079999999999,11.09336436298744,22.5655
20,right,M06,6,27.067,109.352,26.589499999999997,109.95079999999999,11.984188870757993,22.5655
20,right,M06,2,20.037,115.753,26.589499999999997,109.95079999999999,11.984188870757993,22.5655
20,right,M06,3,19.478,111.229,26.589499999999997,109.95079999999999,11.984188870757993,22.5655
20,right,M06,4,22.017,110.601,26.589499999999997,109.95079999999999,11.984188870757993,22.5655
20,right,M06,5,24.502,109.986,26.589499999999997,109.95079999999999,11.984188870757993,22.5655
20,right,M06,1,20.575,120.101,26.589499999999997,109.95079999999999,11.984188870757993,22.5655
20,right,M06,7,30.761,109.116,26.589499999999997,109.95079999999999,11.984188870757993,22.5655
20,right,M06,8,34.367,108.885,26.589499999999997,109.95079999999999,11.984188870757993,22.5655
20,right,M06,9,33.823,104.485,26.589499999999997,109.95079999999999,11.984188870757993,22.5655
20,right,M06,10,33.268,100.0,26.589499999999997,109.95079999999999,11.984188870757993,22.5655
21,left,M07,6,-20.822,105.457,-18.033100000000005,106.6792,12.26327811190793,21.68592121544529
21,left,M07,2,-10.377,112.128,-18.033100000000005,106.6792,12.26327811190793,21.68592121544529
21,left,M07,3,-11.301,108.81,-18.033100000000005,106.6792,12.26327811190793,21.68592121544529
21,left,M07,4,-15.473,108.81,-18.033100000000005,106.6792,12.26327811190793,21.68592121544529
21,left,M07,5,-19.889,108.81,-18.033100000000005,106.6792,12.26327811190793,21.68592121544529
21,left,M07,1,-9.455,115.443,-18.033100000000005,106.6792,12.26327811190793,21.68592121544529
21,left,M07,7,-21.757,102.099,-18.033100000000005,106.6792,12.26327811190793,21.68592121544529
21,left,M07,8,-22.704,98.692,-18.033100000000005,106.6792,12.26327811190793,21.68592121544529
21,left,M07,9,-23.759,101.764,-18.033100000000005,106.6792,12.26327811190793,21.68592121544529
21,left,M07,10,-24.794,104.779,-18.033100000000005,106.6792,12.26327811190793,21.68592121544529
21,right,M06,6,19.585,106.99,25.2716,109.09160000000001,6.062519453164672,21.68592121544529
21,right,M06,2,28.341,110.39,25.2716,109.09160000000001,6.062519453164672,21.68592121544529
21,right,M06,3,30.226,106.99,25.2716,109.09160000000001,6.062519453164672,21.68592121544529
21,right,M06,4,26.666,106.99,25.2716,109.09160000000001,6.062519453164672,21.68592121544529
21,right,M06,5,23.182,106.99,25.2716,109.09160000000001,6.062519453164672,21.68592121544529
21,right,M06,1,26.53,113.657,25.2716,109.09160000000001,6.062519453164672,21.68592121544529
21,right,M06,7,21.651,110.011,25.2716,109.09160000000001,6.062519453164672,21.68592121544529
21,right,M06,8,23.667,112.96,25.2716,109.09160000000001,6.062519453164672,21.68592121544529
21,right,M06,9,25.5,109.654,25.2716,109.09160000000001,6.062519453164672,21.68592121544529
21,right,M06,10,27.368,106.284,25.2716,109.09160000000001,6.062519453164672,21.68592121544529
22,left,M05,5,-17.185,108.398,-16.6862,109.0548,12.165462789388659,21.544839056488676
22,left,M05,1,-17.044,121.215,-16.6862,109.0548,12.165462789388659,21.544839056488676
22,left,M05,2,-20.098,117.964,-16.6862,109.0548,12.165462789388659,21.544839056488676
22,left,M05,3,-23.136,114.731,-16.6862,109.0548,12.165462789388659,21.544839056488676
22,left,M05,4,-20.2,111.607,-16.6862,109.0548,12.165462789388659,21.544839056488676
22,left,M05,10,-17.07,98.902,-16.6862,109.0548,12.165462789388659,21.544839056488676
22,left,M05,6,-14.194,105.215,-16.6862,109.0548,12.165462789388659,21.544839056488676
22,left,M05,7,-12.719,105.215,-16.6862,109.0548,12.165462789388659,21.544839056488676
22,left,M05,8,-11.138,105.215,-16.6862,109.0548,12.165462789388659,21.544839056488676
22,left,M05,9,-14.078,102.086,-16.6862,109.0548,12.165462789388659,21.544839056488676
22,right,M08,6,23.874,105.388,26.336599999999997,106.655,13.143152382895062,21.544839056488676
22,right,M08,2,34.965,111.74,26.336599999999997,106.655,13.143152382895062,21.544839056488676
22,right,M08,3,33.377,108.564,26.336599999999997,106.655,13.143152382895062,21.544839056488676
22,right,M08,4,29.566,108.564,26.336599999999997,106.655,13.143152382895062,21.544839056488676
22,right,M08,5,25.462,108.564,26.336599999999997,106.655,13.143152382895062,21.544839056488676
22,right,M08,1,36.555,114.921,26.336599999999997,106.655,13.143152382895062,21.544839056488676
22,right,M08,7,22.294,102.228,26.336599999999997,106.655,13.143152382895062,21.544839056488676
22,right,M08,8,20.684,99.008,26.336599999999997,106.655,13.143152382895062,21.544839056488676
22,right,M08,9,19.079,102.217,26.336599999999997,106.655,13.143152382895062,21.544839056488676
22,right,M08,10,17.51,105.356,26.336599999999997,106.655,13.143152382895062,21.544839056488676
23,left,M08,6,-20.126,105.388,-17.663400000000003,106.655,13.143152382895062,21.53610511983307
23,left,M08,2,-9.035,111.74,-17.663400000000003,106.655,13.143152382895062,21.53610511983307
23,left,M08,3,-10.623,108.564,-17.663400000000003,106.655,13.143152382895062,21.53610511983307
23,left,M08,4,-14.434,108.564,-17.663400000000003,106.655,13.143152382895062,21.53610511983307
23,left,M08,5,-18.538,108.564,-17.663400000000003,106.655,13.143152382895062,21.53610511983307
23,left,M08,1,-7.445,114.921,-17.663400000000003,106.655,13.143152382895062,21.53610511983307
23,left,M08,7,-21.706,102.228,-17.663400000000003,106.655,13.143152382895062,21.53610511983307
23,left,M08,8,-23.316,99.008,-17.663400000000003,106.655,13.143152382895062,21.53610511983307
23,left,M08,9,-24.921,102.217,-17.663400000000003,106.655,13.143152382895062,21.53610511983307
23,left,M08,10,-26.49,105.356,-17.663400000000003,106.655,13.143152382895062,21.53610511983307
23,right,M07,6,22.166,105.366,25.408800000000003,106.6253,9.162079640016232,21.53610511983307
23,right,M07,2,29.957,111.714,25.408800000000003,106.6253,9.162079640016232,21.53610511983307
23,right,M07,3,30.505,108.556,25.408800000000003,106.6253,9.162079640016232,21.53610511983307
23,right,M07,4,26.185,108.556,25.408800000000003,106.6253,9.162079640016232,21.53610511983307
23,right,M07,5,21.612,108.556,25.408800000000003,106.6253,9.162079640016232,21.53610511983307
23,right,M07,1,29.409,114.868,25.408800000000003,106.6253,9.162079640016232,21.53610511983307
23,right,M07,7,22.721,102.17,25.408800000000003,106.6253,9.162079640016232,21.53610511983307
23,right,M07,8,23.284,98.929,25.408800000000003,106.6253,9.162079640016232,21.53610511983307
23,right,M07,9,23.848,102.176,25.408800000000003,106.6253,9.162079640016232,21.53610511983307
23,right,M07,10,24.401,105.362,25.408800000000003,106.6253,9.162079640016232,21.53610511983307
24,left,M06,6,-11.174,109.041,-15.941299999999998,109.67910000000002,11.773054442242243,22.77721640241625
24,left,M06,2,-25.016,112.218,-15.941299999999998,109.67910000000002,11.773054442242243,22.77721640241625
24,left,M06,3,-24.353,107.935,-15.941299999999998,109.67910000000002,11.773054442242243,22.77721640241625
24,left,M06,4,-19.944,108.305,-15.941299999999998,109.67910000000002,11.773054442242243,22.77721640241625
24,left,M06,5,-15.629,108.668,-15.941299999999998,109.67910000000002,11.773054442242243,22.77721640241625
24,left,M06,1,-25.653,116.334,-15.941299999999998,109.67910000000002,11.773054442242243,22.77721640241625
24,left,M06,7,-10.437,110.586,-15.941299999999998,109.67910000000002,11.773054442242243,22.77721640241625
24,left,M06,8,-9.718,112.093,-15.941299999999998,109.67910000000002,11.773054442242243,22.77721640241625
24,left,M06,9,-9.073,107.928,-15.941299999999998,109.67910000000002,11.773054442242243,22.77721640241625
24,left,M06,10,-8.416,103.683,-15.941299999999998,109.67910000000002,11.773054442242243,22.77721640241625
24,right,M07,6,31.604,106.113,29.5471,107.22720000000001,12.823745624816478,22.77721640241625
24,right,M07,2,31.922,115.257,29.5471,107.22720000000001,12.823745624816478,22.77721640241625
24,right,M07,3,30.359,111.076,29.5471,107.22720000000001,12.823745624816478,22.77721640241625
24,right,M07,4,31.731,110.717,29.5471,107.22720000000001,12.823745624816478,22.77721640241625
24,right,M07,5,33.183,110.337,29.5471,107.22720000000001,12.823745624816478,22.77721640241625
24,right,M07,1,33.483,119.432,29.5471,107.22720000000001,12.823745624816478,22.77721640241625
24,right,M07,7,30.023,101.883,29.5471,107.22720000000001,12.823745624816478,22.77721640241625
24,right,M07,8,28.418,97.592,29.5471,107.22720000000001,12.823745624816478,22.77721640241625
24,right,M07,9,24.363,99.162,29.5471,107.22720000000001,12.823745624816478,22.77721640241625
24,right,M07,10,20.385,100.703,29.5471,107.22720000000001,12.823745624816478,22.77721640241625
25,left,M08,6,-11.553,106.521,-14.314499999999999,107.39650000000002,11.863556317563441,19.518420516271288
25,left,M08,2,-14.278,114.962,-14.314499999999999,107.39650000000002,11.863556317563441,19.518420516271288
25,left,M08,3,-15.537,110.741,-14.314499999999999,107.39650000000002,11.863556317563441,19.518420516271288
25,left,M08,4,-13.013,110.741,-14.314499999999999,107.39650000000002,11.863556317563441,19.518420516271288
25,left,M08,5,-10.295,110.741,-14.314499999999999,107.39650000000002,11.863556317563441,19.518420516271288
25,left,M08,1,-13.018,119.189,-14.314499999999999,107.39650000000002,11.863556317563441,19.518420516271288
25,left,M08,7,-12.805,102.321,-14.314499999999999,107.39650000000002,11.863556317563441,19.518420516271288
25,left,M08,8,-14.081,98.042,-14.314499999999999,107.39650000000002,11.863556317563441,19.518420516271288
25,left,M08,9,-17.574,99.594,-14.314499999999999,107.39650000000002,11.863556317563441,19.518420516271288
25,left,M08,10,-20.991,101.113,-14.314499999999999,107.39650000000002,11.863556317563441,19.518420516271288
25,right,M07,6,21.362,106.484,24.7223,107.33989999999999,12.119675461826533,19.518420516271288
25,right,M07,2,28.249,114.92,24.7223,107.33989999999999,12.119675461826533,19.518420516271288
25,right,M07,3,28.894,110.724,24.7223,107.33989999999999,12.119675461826533,19.518420516271288
25,right,M07,4,24.918,110.724,24.7223,107.33989999999999,12.119675461826533,19.518420516271288
25,right,M07,5,20.71,110.724,24.7223,107.33989999999999,12.119675461826533,19.518420516271288
25,right,M07,1,27.604,119.112,24.7223,107.33989999999999,12.119675461826533,19.518420516271288
25,right,M07,7,22.015,102.238,24.7223,107.33989999999999,12.119675461826533,19.518420516271288
25,right,M07,8,22.678,97.93,24.7223,107.33989999999999,12.119675461826533,19.518420516271288
25,right,M07,9,24.502,99.501,24.7223,107.33989999999999,12.119675461826533,19.518420516271288
25,right,M07,10,26.291,101.042,24.7223,107.33989999999999,12.119675461826533,19.518420516271288
26,left,M06,6,-24.382,109.589,-18.8983,109.7868,6.55075808819102,24.469757937349932
26,left,M06,2,-17.975,111.619,-18.8983,109.7868,6.55075808819102,24.469757937349932
26,left,M06,3,-17.038,107.385,-18.8983,109.7868,6.55075808819102,24.469757937349932
26,left,M06,4,-19.495,108.122,-18.8983,109.7868,6.55075808819102,24.469757937349932
26,left,M06,5,-21.9,108.844,-18.8983,109.7868,6.55075808819102,24.469757937349932
26,left,M06,1,-18.876,115.687,-18.8983,109.7868,6.55075808819102,24.469757937349932
26,left,M06,7,-20.708,111.133,-18.8983,109.7868,6.55075808819102,24.469757937349932
26,left,M06,8,-17.12,112.64,-18.8983,109.7868,6.55075808819102,24.469757937349932
26,left,M06,9,-16.209,108.523,-18.8983,109.7868,6.55075808819102,24.469757937349932
26,left,M06,10,-15.28,104.326,-18.8983,109.7868,6.55075808819102,24.469757937349932
26,right,M10,6,34.465,108.318,30.017400000000002,108.26019999999998,13.346433298825582,24.469757937349932
26,right,M10,2,26.749,117.045,30.017400000000002,108.26019999999998,13.346433298825582,24.469757937349932
26,right,M10,3,26.375,112.9,30.017400000000002,108.26019999999998,13.346433298825582,24.469757937349932
26,right,M10,4,29.047,111.386,30.017400000000002,108.26019999999998,13.346433298825582,24.469757937349932
26,right,M10,5,31.769,109.845,30.017400000000002,108.26019999999998,13.346433298825582,24.469757937349932
26,right,M10,1,27.132,121.291,30.017400000000002,108.26019999999998,13.346433298825582,24.469757937349932
26,right,M10,7,34.088,104.139,30.017400000000002,108.26019999999998,13.346433298825582,24.469757937349932
26,right,M10,8,33.711,99.952,30.017400000000002,108.26019999999998,13.346433298825582,24.469757937349932
26,right,M10,9,30.182,99.226,30.017400000000002,108.26019999999998,13.346433298825582,24.469757937349932
26,right,M10,10,26.656,98.5,30.017400000000002,108.26019999999998,13.346433298825582,24.469757937349932
27,left,M09,6,-22.383,108.077,-17.314500000000002,107.50719999999998,13.540584525418401,23.0105
27,left,M09,2,-9.967,114.846,-17.314500000000002,107.50719999999998,13.540584525418401,23.0105
27,left,M09,3,-9.4,110.392,-17.314500000000002,107.50719999999998,13.540584525418401,23.0105
27,left,M09,4,-13.726,109.621,-17.314500000000002,107.50719999999998,13.540584525418401,23.0105
27,left,M09,5,-18.057,108.848,-17.314500000000002,107.50719999999998,13.540584525418401,23.0105
27,left,M09,1,-10.524,119.222,-17.314500000000002,107.50719999999998,13.540584525418401,23.0105
27,left,M09,7,-21.829,103.722,-17.314500000000002,107.50719999999998,13.540584525418401,23.0105
27,left,M09,8,-21.27,99.331,-17.314500000000002,107.50719999999998,13.540584525418401,23.0105
27,left,M09,9,-22.413,100.11,-17.314500000000002,107.50719999999998,13.540584525418401,23.0105
27,left,M09,10,-23.576,100.903,-17.314500000000002,107.50719999999998,13.540584525418401,23.0105
27,right,M09,6,26.678,108.077,28.7065,107.50719999999998,13.311570203773869,23.0105
27,right,M09,2,34.845,114.846,28.7065,107.50719999999998,13.311570203773869,23.0105
27,right,M09,3,34.659,110.392,28.7065,107.50719999999998,13.311570203773869,23.0105
27,right,M09,4,32.0,109.621,28.7065,107.50719999999998,13.311570203773869,23.0105
27,right,M09,5,29.338,108.848,28.7065,107.50719999999998,13.311570203773869,23.0105
27,right,M09,1,35.028,119.222,28.7065,107.50719999999998,13.311570203773869,23.0105
27,right,M09,7,26.497,103.722,28.7065,107.50719999999998,13.311570203773869,23.0105
27,right,M09,8,26.313,99.331,28.7065,107.50719999999998,13.311570203773869,23.0105
27,right,M09,9,22.695,100.11,28.7065,107.50719999999998,13.311570203773869,23.0105
27,right,M09,10,19.012,100.903,28.7065,107.50719999999998,13.311570203773869,23.0105
28,left,M10,6,-14.519,110.51,-17.0785,107.76790000000001,13.11935914059829,20.5065
28,left,M10,2,-26.033,111.222,-17.0785,107.76790000000001,13.11935914059829,20.5065
28,left,M10,3,-24.43,107.043,-17.0785,107.76790000000001,13.11935914059829,20.5065
28,left,M10,4,-21.156,108.188,-17.0785,107.76790000000001,13.11935914059829,20.5065
28,left,M10,5,-17.823,109.354,-17.0785,107.76790000000001,13.11935914059829,20.5065
28,left,M10,1,-27.675,115.503,-17.0785,107.76790000000001,13.11935914059829,20.5065
28,left,M10,7,-12.903,106.296,-17.0785,107.76790000000001,13.11935914059829,20.5065
28,left,M10,8,-11.284,102.075,-17.0785,107.76790000000001,13.11935914059829,20.5065
28,left,M10,9,-8.748,103.188,-17.0785,107.76790000000001,13.11935914059829,20.5065
28,left,M10,10,-6.214,104.3,-17.0785,107.76790000000001,13.11935914059829,20.5065
28,right,M10,6,20.004,110.51,23.9345,107.76790000000001,7.906942029634455,20.5065
28,right,M10,2,26.029,111.222,23.9345,107.76790000000001,7.906942029634455,20.5065
28,right,M10,3,26.473,107.043,23.9345,107.76790000000001,7.906942029634455,20.5065
28,right,M10,4,24.336,108.188,23.9345,107.76790000000001,7.906942029634455,20.5065
28,right,M10,5,22.16,109.354,23.9345,107.76790000000001,7.906942029634455,20.5065
28,right,M10,1,25.574,115.503,23.9345,107.76790000000001,7.906942029634455,20.5065
28,right,M10,7,20.452,106.296,23.9345,107.76790000000001,7.906942029634455,20.5065
28,right,M10,8,20.9,102.075,23.9345,107.76790000000001,7.906942029634455,20.5065
28,right,M10,9,24.773,103.188,23.9345,107.76790000000001,7.906942029634455,20.5065
28,right,M10,10,28.644,104.3,23.9345,107.76790000000001,7.906942029634455,20.5065
29,left,M09,6,-23.209,111.067,-20.511200000000002,108.4176,9.307905500164905,23.733488538034184
29,left,M09,2,-19.625,113.237,-20.511200000000002,108.4176,9.307905500164905,23.733488538034184
29,left,M09,3,-19.679,108.717,-20.511200000000002,108.4176,9.307905500164905,23.733488538034184
29,left,M09,4,-20.855,109.5,-20.511200000000002,108.4176,9.307905500164905,23.733488538034184
29,left,M09,5,-22.033,110.284,-20.511200000000002,108.4176,9.307905500164905,23.733488538034184
29,left,M09,1,-19.572,117.678,-20.511200000000002,108.4176,9.307905500164905,23.733488538034184
29,left,M09,7,-23.262,106.647,-20.511200000000002,108.4176,9.307905500164905,23.733488538034184
29,left,M09,8,-23.315,102.191,-20.511200000000002,108.4176,9.307905500164905,23.733488538034184
29,left,M09,9,-18.984,102.348,-20.511200000000002,108.4176,9.307905500164905,23.733488538034184
29,left,M09,10,-14.578,102.507,-20.511200000000002,108.4176,9.307905500164905,23.733488538034184
29,right,M05,5,25.395,110.589,26.9253,110.1183,11.958223688324289,23.733488538034184
29,right,M05,1,20.414,119.926,26.9253,110.1183,11.958223688324289,23.733488538034184
29,right,M05,2,19.738,115.402,26.9253,110.1183,11.958223688324289,23.733488538034184
29,right,M05,3,19.065,110.902,26.9253,110.1183,11.958223688324289,23.733488538034184
29,right,M05,4,22.188,110.747,26.9253,110.1183,11.958223688324289,23.733488538034184
29,right,M05,10,33.447,100.095,26.9253,110.1183,11.958223688324289,23.733488538034184
29,right,M05,6,28.576,110.432,26.9253,110.1183,11.958223688324289,23.733488538034184
29,right,M05,7,31.561,109.683,26.9253,110.1183,11.958223688324289,23.733488538034184
29,right,M05,8,34.76,108.881,26.9253,110.1183,11.958223688324289,23.733488538034184
29,right,M05,9,34.109,104.526,26.9253,110.1183,11.958223688324289,23.733488538034184
30,left,M09,6,-25.156,111.067,-20.2118,108.4176,11.69262475238131,21.850299999999997
30,left,M09,2,-13.626,113.237,-20.2118,108.4176,11.69262475238131,21.850299999999997
30,left,M09,3,-14.189,108.717,-20.2118,108.4176,11.69262475238131,21.850299999999997
30,left,M09,4,-17.843,109.5,-20.2118,108.4176,11.69262475238131,21.850299999999997
30,left,M09,5,-21.502,110.284,-20.2118,108.4176,11.69262475238131,21.850299999999997
30,left,M09,1,-13.073,117.678,-20.2118,108.4176,11.69262475238131,21.850299999999997
30,left,M09,7,-25.706,106.647,-20.2118,108.4176,11.69262475238131,21.850299999999997
30,left,M09,8,-26.261,102.191,-20.2118,108.4176,11.69262475238131,21.850299999999997
30,left,M09,9,-23.689,102.348,-20.2118,108.4176,11.69262475238131,21.850299999999997
30,left,M09,10,-21.073,102.507,-20.2118,108.4176,11.69262475238131,21.850299999999997
30,right,M09,6,20.791,111.067,23.488799999999998,108.4176,9.307905500164905,21.850299999999997
30,right,M09,2,24.375,113.237,23.488799999999998,108.4176,9.307905500164905,21.850299999999997
30,right,M09,3,24.321,108.717,23.488799999999998,108.4176,9.307905500164905,21.850299999999997
30,right,M09,4,23.145,109.5,23.488799999999998,108.4176,9.307905500164905,21.850299999999997
30,right,M09,5,21.967,110.284,23.488799999999998,108.4176,9.307905500164905,21.850299999999997
30,right,M09,1,24.428,117.678,23.488799999999998,108.4176,9.307905500164905,21.850299999999997
30,right,M09,7,20.738,106.647,23.488799999999998,108.4176,9.307905500164905,21.850299999999997
30,right,M09,8,20.685,102.191,23.488799999999998,108.4176,9.307905500164905,21.850299999999997
30,right,M09,9,25.016,102.348,23.488799999999998,108.4176,9.307905500164905,21.850299999999997
30,right,M09,10,29.422,102.507,23.488799999999998,108.4176,9.307905500164905,21.850299999999997
